ind_postburnin,chi2,redchi2,BIC
144309,18.166853964105425,1.0092696646725237,44.23162626827728
